member_casual,total_viajes,duracion_promedio_min,duracion_total_horas
member,716381,11.46730599127187,136916.00222222222
casual,67397,38.48317383068485,43227.50777777778
