member_casual,rideable_type,total_viajes,duracion_promedio_min
casual,docked_bike,44302,40.14820324138865
casual,NA,23095,35.28922999206177
member,docked_bike,374599,11.612033267574127
member,NA,341782,11.3086823862384
